number,value,state,params_batch_size,params_dropout,params_embed_dim,params_epochs,params_gat_depth,params_gat_heads,params_gat_hidden_dim,params_lr,params_patch_size,params_stride,params_transformer_heads,params_transformer_layers,params_weight_decay
0,,RUNNING,64,0.35000000000000003,128,350,6,2,64,6.777467289947909e-05,9,1,2,10,0.0004723716317956988
1,,RUNNING,16,0.2,128,400,10,10,128,1.0057672362347386e-06,11,1,16,8,3.7912251601565702e-06
2,0.6543325526932084,PRUNED,64,0.45,64,200,10,8,128,0.0001393828449787148,11,7,8,2,8.547031114693497e-06
3,0.3362997658079625,PRUNED,48,0.25,64,400,8,2,32,1.5558076561272265e-05,7,7,16,4,6.195894446932152e-05
4,,RUNNING,16,0.45,128,50,4,2,64,9.533043504803882e-07,11,1,4,4,2.4299002417262238e-06
5,,RUNNING,48,0.1,64,500,8,10,32,1.0842271294169625e-05,11,6,16,2,3.5267522762025636e-05
6,0.16721311475409836,PRUNED,48,0.2,128,500,6,4,32,4.757447034255474e-07,5,1,4,6,3.9923757597203803e-07
7,0.16533957845433256,PRUNED,16,0.0,128,150,2,4,64,1.3119314192687867e-06,11,2,16,6,1.6808271613334328e-06
8,0.1522248243559719,PRUNED,32,0.30000000000000004,64,50,6,6,64,1.2937979154766265e-06,7,2,4,8,0.0016746121601562633
9,0.9859484777517564,COMPLETE,64,0.4,128,150,8,2,128,0.00012707153726622365,13,6,16,10,7.258247193596506e-08
10,0.7395784543325526,PRUNED,48,0.5,128,450,6,4,64,8.334950895808907e-05,5,4,2,10,1.2101672569785165e-06
11,0.6641686182669789,COMPLETE,64,0.2,128,100,2,2,64,2.1656603395386415e-07,5,7,8,8,0.0007609658871433003
12,0.994847775175644,COMPLETE,64,0.2,64,200,4,4,32,0.00015871160049527858,11,4,16,10,0.0009538211768148025
13,0.03372365339578454,PRUNED,64,0.25,64,350,10,10,64,7.5204720449650145e-06,11,7,2,8,1.7043938876254502e-08
14,0.8098360655737705,PRUNED,32,0.30000000000000004,256,200,10,8,128,1.1695697601982791e-05,13,2,16,10,0.0009764135002955257
15,0.11288056206088994,PRUNED,16,0.05,128,500,2,2,64,2.1905224054739924e-07,5,1,4,6,0.006191763885238216
16,0.502576112412178,PRUNED,48,0.1,64,350,6,4,128,0.003222315068013516,11,1,4,4,0.0007212616765031678
17,0.0,PRUNED,32,0.4,256,250,4,8,128,1.1607557507336023e-08,13,6,16,10,0.00016845814413130007
18,0.550351288056206,PRUNED,32,0.5,256,150,10,8,128,0.0003259376416877517,9,4,2,10,2.2227313413184206e-07
19,0.9400468384074941,PRUNED,48,0.35000000000000003,256,300,4,10,64,6.21836854713252e-05,13,5,2,10,1.475712957567877e-05
20,0.5822014051522248,PRUNED,32,0.35000000000000003,256,300,4,10,128,0.0008599536467951389,13,5,8,10,3.1480612537574336e-05
21,0.6351288056206089,PRUNED,48,0.15000000000000002,256,250,4,10,32,1.2686837067701033e-05,13,5,2,10,0.00034282761416098496
22,0.8079625292740047,PRUNED,32,0.35000000000000003,256,50,8,6,64,2.726023194609896e-05,13,3,16,2,0.008545321761501651
23,,PRUNED,64,0.35000000000000003,256,150,10,10,128,0.0032476983613218533,13,2,16,10,7.915663734954927e-06
24,,RUNNING,16,0.2,256,300,4,8,64,3.5094790844557897e-06,9,5,2,10,4.647530814414089e-05
25,0.027166276346604217,PRUNED,64,0.15000000000000002,128,100,2,2,64,2.3542758931814325e-08,9,5,8,8,0.00011547093114967483
26,0.14098360655737704,PRUNED,64,0.2,128,300,4,2,64,6.670557830035361e-08,5,6,8,8,2.062740038779236e-05
27,,RUNNING,16,0.4,128,350,2,2,64,2.022460160503593e-06,5,3,8,8,2.9985753655849405e-06
28,0.7353629976580797,COMPLETE,64,0.2,64,200,4,4,32,2.553774549627235e-06,5,4,2,8,0.0021146920456970855
29,0.8449648711943794,PRUNED,64,0.2,128,100,8,2,32,0.0005391839940906773,11,6,16,8,1.268142318897356e-08
30,0.1288056206088993,PRUNED,64,0.1,128,200,2,2,32,2.8965146500405717e-06,5,4,8,4,8.190050889229681e-08
31,0.7007025761124122,PRUNED,64,0.15000000000000002,64,100,8,2,32,0.008708194738157198,9,3,16,2,0.0027764651892949266
32,0.9929742388758782,COMPLETE,64,0.30000000000000004,128,150,2,4,32,0.00022495001065559727,7,7,8,8,0.00040968258308074257
33,0.7939110070257611,PRUNED,64,0.30000000000000004,64,200,4,4,32,0.00023610112493115094,7,4,2,10,2.6673366730062844e-06
34,0.5629976580796253,PRUNED,16,0.45,64,250,4,4,32,5.113576578657662e-05,11,4,16,10,4.8288458782835085e-08
35,0.2674473067915691,PRUNED,64,0.25,64,150,8,4,32,4.536736019006469e-06,5,6,16,8,0.0035775935447494786
36,0.7967213114754098,PRUNED,64,0.45,64,200,4,4,32,0.0009596469626089746,11,4,2,2,0.00020949119879810348
37,0.8257611241217798,PRUNED,64,0.1,64,200,8,6,128,0.0001513195391517804,11,4,16,4,5.230725056701423e-05
38,0.013114754098360656,PRUNED,64,0.2,128,100,2,2,32,1.9258932361669434e-07,5,7,8,8,0.00040853901846264263
39,0.0936768149882904,PRUNED,64,0.25,128,150,2,2,32,1.0658535565571161e-06,5,7,8,8,0.0011532876663233446
40,0.06323185011709602,PRUNED,64,0.15000000000000002,64,50,4,4,128,9.793316349486381e-08,5,7,8,8,0.0004958275505494835
41,0.3522248243559719,PRUNED,64,0.2,128,100,8,2,32,5.491406390562666e-07,7,6,16,6,6.859177543085981e-06
42,0.8608899297423888,PRUNED,16,0.30000000000000004,128,250,8,4,32,2.427344490627194e-05,7,6,16,6,4.757417331368338e-06
43,0.5203747072599532,PRUNED,16,0.4,64,250,4,4,32,2.0262783708981144e-05,7,4,4,6,0.0020494736557870943
44,0.9925058548009368,COMPLETE,64,0.30000000000000004,128,150,6,4,32,3.9760003770112964e-05,7,3,2,8,8.27399244534167e-05
45,0.6487119437939111,PRUNED,64,0.4,64,150,6,4,32,0.00014622350229321224,7,3,2,8,8.038378002968934e-05
46,0.49133489461358315,PRUNED,64,0.30000000000000004,128,150,2,4,32,0.0017483000583240673,7,7,2,10,4.847664134892159e-07
47,0.7423887587822015,PRUNED,64,0.25,64,200,4,4,32,5.2082185084582406e-05,11,4,4,8,0.004904974033912204
48,0.6351288056206089,PRUNED,64,0.2,128,100,2,6,64,3.0019742743386902e-06,5,7,8,8,0.0016096177357735827
49,0.7967213114754098,PRUNED,64,0.25,128,50,2,8,128,0.00041454107235345774,5,7,8,8,0.0006138878236683999
